date,side,lots,entry,stop,target,fill_hm,exit,exit_hm,exit_why,pnl,net
2025-09-25,long,1,25633.8125,25567.8875,25688.75,1105,25688.75,1110,target,109.875,108.635
2025-09-26,short,1,25616.0,25662.9625,25567.0,1030,25662.9625,1040,stop,-93.92500000000291,-95.6650000000029
2025-09-29,long,2,25990.3125,25952.2875,26022.0,1030,25952.2875,1110,stop,-152.10000000000582,-155.5800000000058
2025-10-06,short,3,26190.25,26211.1375,26164.0,1030,26164.0,1040,target,157.5,153.78
2025-10-07,short,6,26266.1,26280.6,26254.5,1030,26254.5,1035,target,139.19999999998254,131.75999999998254
2025-10-08,long,2,26238.5625,26191.2375,26278.0,1045,26278.0,1125,target,157.75,155.27
2025-10-09,short,4,26310.15,26332.525,26292.25,1100,26292.25,1105,target,143.20000000001164,138.24000000001163
2025-10-15,long,1,26109.5625,26043.3375,26164.75,1110,26043.3375,1135,stop,-132.4499999999971,-134.1899999999971
2025-10-17,long,1,25935.625,25849.075,26007.75,1030,25849.075,1040,stop,-173.09999999999854,-174.83999999999855
2025-10-21,short,4,26271.7,26296.6375,26251.75,1030,26296.6375,1035,stop,-199.5,-206.46
2025-10-22,short,2,26198.1,26241.35,26163.5,1055,26163.5,1115,target,138.39999999999418,135.9199999999942
2025-10-23,long,1,26181.5,26127.2,26226.75,1030,26226.75,1035,target,90.5,89.26
2025-11-03,short,1,27127.35,27185.2875,27081.0,1040,27185.2875,1215,stop,-115.875,-117.615
2025-11-05,long,1,26707.4375,26638.3625,26765.0,1115,26765.0,1125,target,115.125,113.885
2025-11-11,short,3,26602.6,26630.85,26580.0,1115,26630.85,1120,stop,-169.5,-174.72
2025-11-12,short,1,26660.5,26707.05,26608.5,1030,26608.5,1035,target,104.0,102.76
2025-11-19,long,1,25931.1875,25806.6125,26035.0,1045,25806.6125,1055,stop,-249.15000000000146,-250.89000000000146
2025-11-21,short,1,25128.25,25196.0625,25074.0,1030,25074.0,1035,target,108.5,107.26
2025-12-05,long,1,26862.9375,26800.7625,26914.75,1040,26800.7625,1055,stop,-124.34999999999854,-126.08999999999854
2025-12-08,short,1,26747.25,26795.55,26703.75,1030,26703.75,1055,target,87.0,85.76
2025-12-09,long,3,26689.5,26656.5,26717.0,1030,26717.0,1040,target,165.0,161.28
2025-12-12,short,1,26423.1,26499.475,26362.0,1035,26362.0,1055,target,122.19999999999709,120.9599999999971
2025-12-15,short,1,26156.6,26250.475,26081.5,1030,26250.475,1115,stop,-187.75,-189.49
2025-12-22,short,3,26497.05,26528.05,26472.25,1030,26472.25,1035,target,148.79999999999563,145.07999999999564
2026-01-02,short,1,26327.75,26414.3125,26258.5,1030,26258.5,1050,target,138.5,137.26
2026-01-05,long,2,26448.875,26405.225,26485.25,1040,26485.25,1105,target,145.5,143.02
2026-01-06,long,1,26537.5,26486.5,26580.0,1035,26486.5,1055,stop,-102.0,-103.74
2026-01-07,long,3,26653.9375,26621.1625,26681.25,1035,26621.1625,1035,stop,-196.65000000000873,-201.87000000000873
2026-01-09,long,1,26600.75,26527.25,26662.0,1040,26662.0,1105,target,122.5,121.26
2026-01-12,long,1,26687.125,26630.275,26734.5,1030,26734.5,1110,target,94.75,93.51
2026-01-13,short,1,26659.25,26717.0625,26613.0,1030,26613.0,1045,target,92.5,91.26
2026-01-16,short,1,26509.7,26566.825,26464.0,1120,26464.0,1255,target,91.40000000000146,90.16000000000146
2026-01-26,long,1,26642.375,26587.625,26688.0,1030,26688.0,1050,target,91.25,90.01
2026-01-28,short,4,27028.1,27052.6,27008.5,1030,27008.5,1035,target,156.79999999998836,151.83999999998835
2026-01-30,short,2,26621.5,26658.6875,26591.75,1035,26658.6875,1035,stop,-148.75,-152.23
2026-02-02,long,1,26620.5,26508.9,26713.5,1055,26713.5,1200,target,186.0,184.76
2026-02-03,short,1,26367.95,26488.5125,26271.5,1045,26271.5,1150,target,192.90000000000146,191.66000000000145
2026-02-05,short,1,25434.1,25536.725,25352.0,1035,25352.0,1110,target,164.1999999999971,162.95999999999708
2026-02-10,long,1,26199.3125,26140.5875,26248.25,1030,26140.5875,1120,stop,-117.44999999999709,-119.18999999999708
2026-02-11,short,1,25940.75,26042.625,25859.25,1035,26042.625,1050,stop,-203.75,-205.49
2026-02-13,long,1,25599.0,25511.4,25672.0,1040,25672.0,1105,target,146.0,144.76
2026-02-17,short,1,25333.35,25421.9125,25262.5,1030,25262.5,1035,target,141.6999999999971,140.45999999999708
2026-02-23,short,1,25680.85,25730.975,25640.75,1030,25640.75,1035,target,80.19999999999709,78.9599999999971
2026-02-25,long,1,26111.1875,26049.9125,26162.25,1030,26162.25,1400,target,102.125,100.885
2026-02-26,short,1,25777.65,25891.9,25686.25,1035,25891.9,1445,stop,-228.5,-230.24
2026-03-04,long,1,25861.125,25762.575,25943.25,1045,25943.25,1100,target,164.25,163.01
2026-03-11,short,1,25829.0,25870.5625,25780.0,1030,25780.0,1035,target,98.0,96.76
2026-03-12,short,1,25461.6,25516.1,25418.0,1045,25516.1,1045,stop,-109.0,-110.74
2026-03-18,short,2,25436.3,25483.2375,25398.75,1030,25483.2375,1100,stop,-187.75,-191.23
2026-03-20,short,1,24878.3,24940.8625,24828.25,1030,24828.25,1050,target,100.09999999999854,98.85999999999855
2026-03-27,short,1,24075.55,24130.6125,24031.5,1030,24031.5,1045,target,88.09999999999854,86.85999999999855
2026-03-30,short,1,23929.5,23990.75,23880.5,1030,23880.5,1035,target,98.0,96.76
2026-04-01,long,1,24756.0625,24706.0375,24797.75,1030,24797.75,1035,target,83.375,82.135
2026-04-09,short,2,25581.05,25618.3,25551.25,1040,25618.3,1050,stop,-149.0,-152.48
2026-04-13,long,1,25877.25,25825.35,25920.5,1030,25920.5,1050,target,86.5,85.26
2026-04-14,long,2,26356.3125,26311.0875,26394.0,1105,26394.0,1115,target,150.75,148.27
2026-04-20,short,3,27325.5,27353.0,27303.5,1030,27303.5,1035,target,132.0,128.28
2026-04-22,long,1,27533.25,27478.05,27579.25,1035,27579.25,1040,target,92.0,90.76
2026-04-29,long,2,27826.3125,27780.4875,27864.5,1110,27864.5,1125,target,152.75,150.27
2026-04-30,short,1,27816.05,27897.9875,27750.5,1030,27897.9875,1050,stop,-163.875,-165.615
2026-05-01,long,1,28422.4375,28334.4625,28495.75,1030,28495.75,1145,target,146.625,145.385
2026-05-05,long,2,28681.375,28632.025,28722.5,1035,28722.5,1115,target,164.5,162.02
2026-05-07,long,1,29437.625,29380.775,29485.0,1105,29380.775,1155,stop,-113.69999999999709,-115.43999999999708
2026-05-08,long,1,29678.0625,29587.2375,29753.75,1030,29753.75,1055,target,151.375,150.135
2026-05-11,short,2,29898.35,29937.85,29866.75,1030,29937.85,1035,stop,-158.0,-161.48
2026-05-12,short,1,29711.45,29765.1375,29668.5,1040,29668.5,1045,target,85.90000000000146,84.66000000000146
2026-05-18,short,1,29753.5,29813.1875,29705.75,1030,29705.75,1035,target,95.5,94.26
2026-05-19,short,1,29331.5,29432.75,29250.5,1030,29432.75,1115,stop,-202.5,-204.24
2026-05-20,long,1,29764.625,29696.975,29821.0,1035,29821.0,1045,target,112.75,111.51
2026-05-27,short,1,30536.75,30612.6875,30476.0,1035,30476.0,1120,target,121.5,120.26
2026-05-28,long,1,30706.5,30627.0,30772.75,1030,30772.75,1055,target,132.5,131.26
2026-06-09,short,1,30045.1,30166.7875,29947.75,1030,29947.75,1040,target,194.6999999999971,193.45999999999708
2026-06-10,long,1,29704.25,29566.25,29819.25,1030,29819.25,1035,target,230.0,228.76
2026-06-17,long,1,30782.75,30715.25,30839.0,1030,30715.25,1035,stop,-135.0,-136.74
2026-06-30,long,1,30623.4375,30505.4625,30721.75,1050,30721.75,1130,target,196.625,195.385
2026-07-01,long,1,30561.5,30489.5,30621.5,1030,30489.5,1045,stop,-144.0,-145.74
2026-07-02,short,1,30281.05,30376.7375,30204.5,1030,30204.5,1035,target,153.09999999999854,151.85999999999854
2026-07-06,long,1,30269.9375,30190.0625,30336.5,1110,30336.5,1125,target,133.125,131.885
2026-07-29,short,1,27924.45,28039.075,27832.75,1030,27832.75,1040,target,183.40000000000146,182.16000000000145
2026-08-06,long,1,29854.375,29726.725,29960.75,1035,29960.75,1100,target,212.75,211.51
2026-08-10,long,1,30149.0,30094.7,30194.25,1030,30094.7,1050,stop,-108.59999999999854,-110.33999999999854
2026-08-13,long,1,30438.25,30325.75,30532.0,1130,30532.0,1315,target,187.5,186.26
2026-08-14,short,2,30457.8,30494.425,30428.5,1030,30428.5,1055,target,117.19999999999709,114.71999999999709
2026-08-21,short,1,29573.75,29628.0125,29514.5,1030,29628.0125,1100,stop,-108.52500000000146,-110.26500000000145
2026-08-24,short,1,29306.5,29375.2,29242.0,1030,29375.2,1030,stop,-137.40000000000146,-139.14000000000146
2026-08-25,short,1,29544.85,29596.5375,29503.5,1035,29503.5,1040,target,82.69999999999709,81.4599999999971
2026-08-26,short,2,29485.9,29530.15,29450.5,1030,29530.15,1035,stop,-177.0,-180.48
2026-08-27,long,1,29866.9375,29807.4625,29916.5,1030,29916.5,1105,target,99.125,97.885
2026-08-31,short,2,29680.85,29721.6,29648.25,1030,29721.6,1035,stop,-163.0,-166.48
2026-09-02,long,1,29444.0625,29391.0375,29488.25,1045,29488.25,1125,target,88.375,87.135
2026-09-03,long,1,29625.5,29572.7,29669.5,1030,29572.7,1040,stop,-105.59999999999854,-107.33999999999854
2026-09-11,long,2,29737.3125,29698.9875,29769.25,1030,29698.9875,1035,stop,-153.3000000000029,-156.7800000000029
2026-09-15,short,2,29332.35,29369.975,29302.25,1030,29302.25,1035,target,120.39999999999418,117.91999999999418
2026-09-18,short,2,29728.5,29762.0625,29694.0,1030,29762.0625,1050,stop,-134.25,-137.73
2026-09-22,long,1,30931.4375,30864.1625,30987.5,1040,30987.5,1350,target,112.125,110.885
