date,dow,setup,side,lots,entry,stop,target,risk,fill_hm,exit,exit_hm,exit_why,pnl,net,data
2025-09-23,Tue,T2X,short,4,26000.75,26024.75,25960.25,192.0,1220,25960.25,1300,target,324.0,319.04,uploaded
2025-09-23,Tue,T2R,long,12,25960.25,25952.25,25996.75,192.0,1300,25952.25,1315,stop,-192.0,-212.88,uploaded
2025-09-24,Wed,T2R,long,8,25809.0,25797.5,25860.75,184.0,1140,25797.5,1145,stop,-184.0,-197.92,uploaded
2025-09-30,Tue,T2X,long,2,25856.0,25812.75,25921.25,173.0,1115,25812.75,1125,stop,-173.0,-176.48,uploaded
2025-10-01,Wed,T2R,short,8,25973.5,25990.25,25906.5,268.0,1135,25990.25,1205,stop,-268.0,-281.92,uploaded
2025-10-03,Fri,T2R,long,8,26074.0,26062.0,26128.0,192.0,1305,26128.0,1310,target,864.0,854.08,uploaded
2025-10-15,Wed,T2R,long,4,25899.75,25877.75,25999.25,176.0,1300,25877.75,1305,stop,-176.0,-182.96,uploaded
2025-10-22,Wed,T2R,long,5,26128.75,26111.5,26206.75,172.5,1040,26111.5,1045,stop,-172.5,-181.2,uploaded
2025-10-28,Tue,T2R,long,15,27063.0,27056.5,27092.25,195.0,1040,27056.5,1045,stop,-195.0,-221.1,uploaded
2025-10-28,Tue,T2X,short,5,27095.5,27115.0,27059.75,195.0,1100,27059.75,1135,target,357.5,351.3,uploaded
2025-10-29,Wed,T2R,long,13,27286.75,27279.5,27319.5,188.5,1110,27319.5,1120,target,851.5,835.38,uploaded
2025-10-31,Fri,T2R,long,7,27076.25,27062.0,27140.25,199.5,1200,27062.0,1200,stop,-199.5,-211.68,uploaded
2025-11-04,Tue,T2X,short,1,26779.25,26848.5,26663.75,138.5,1225,26663.75,1325,target,231.0,229.76,uploaded
2025-11-04,Tue,T2R,long,4,26663.75,26640.75,26767.75,184.0,1325,26640.75,1435,stop,-184.0,-190.96,uploaded
2025-11-05,Wed,T2X,long,1,26718.75,26626.75,26811.25,184.0,1110,26811.25,1140,target,185.0,183.76,uploaded
2025-11-05,Wed,T2R,short,6,26811.25,26834.25,26718.75,276.0,1140,26812.75,1140,dead order exited,-18.0,-25.44,uploaded
2025-11-07,Fri,T2R,long,4,25882.75,25859.75,25986.25,184.0,1055,25859.75,1105,stop,-184.0,-190.96,uploaded
2025-11-11,Tue,T2X,short,2,26614.0,26648.0,26551.75,136.0,1120,26551.75,1130,target,249.0,246.52,uploaded
2025-11-26,Wed,T2R,short,10,26358.0,26372.75,26291.75,295.0,1115,26372.75,1120,stop,-295.0,-312.4,uploaded
2025-12-02,Tue,T2X,long,1,26664.5,26591.25,26756.25,146.5,1105,26591.25,1110,stop,-146.5,-148.24,uploaded
2025-12-03,Wed,T2R,short,10,26650.25,26664.75,26592.25,290.0,1045,26592.25,1110,target,1160.0,1147.6,uploaded
2025-12-03,Wed,T2X,long,2,26592.25,26534.5,26650.25,231.0,1110,26650.25,1130,target,232.0,229.52,uploaded
2025-12-10,Wed,T2X,short,9,26672.0,26677.75,26592.75,103.5,1050,26592.75,1100,target,1426.5,1415.34,uploaded
2025-12-10,Wed,T2R,long,9,26592.75,26582.0,26640.5,193.5,1100,26582.0,1100,stop,-193.5,-209.16,uploaded
2025-12-18,Thu,T2R,short,2,26192.5,26228.0,26050.5,142.0,1035,26050.5,1210,target,568.0,565.52,uploaded
2025-12-30,Tue,T2X,long,2,26555.75,26515.25,26606.5,162.0,1135,26515.25,1200,stop,-162.0,-165.48,uploaded
2025-12-31,Wed,T2R,long,8,26344.5,26332.25,26400.5,196.0,1055,26400.5,1155,target,896.0,886.08,uploaded
2026-01-07,Wed,T2R,short,13,26703.25,26714.25,26653.75,286.0,1035,26653.75,1040,target,1287.0,1270.88,uploaded
2026-01-13,Tue,T2X,short,1,26688.25,26751.75,26555.0,127.0,1055,26751.75,1135,stop,-127.0,-128.74,uploaded
2026-01-15,Thu,T2R,long,8,26615.0,26603.25,26667.75,188.0,1050,26667.75,1055,target,844.0,834.08,uploaded
2026-01-16,Fri,T2R,long,4,26418.25,26395.25,26521.25,184.0,1040,26395.25,1040,stop,-184.0,-190.96,uploaded
2026-01-20,Tue,T2R,short,3,26211.25,26238.5,26136.0,163.5,1040,26136.0,1050,target,451.5,447.78,uploaded
2026-01-20,Tue,T2X,long,1,26135.25,26088.25,26225.0,94.0,1055,26225.0,1110,target,179.5,178.26,uploaded
2026-01-23,Fri,T2R,short,4,26606.5,26626.75,26515.25,162.0,1045,26626.75,1055,stop,-162.0,-168.96,uploaded
2026-01-26,Mon,T2X,long,2,26669.75,26633.25,26724.5,146.0,1100,26724.5,1130,target,219.0,216.52,uploaded
2026-01-30,Fri,T2R,long,6,26562.0,26547.0,26629.0,180.0,1120,26629.0,1130,target,804.0,796.56,uploaded
2026-03-06,Fri,T2R,short,4,25673.5,25695.25,25575.75,174.0,1035,25575.75,1050,target,782.0,777.04,uploaded
2026-03-11,Wed,T2X,short,5,25880.75,25900.75,25729.5,200.0,1055,25729.5,1130,target,1512.5,1506.3,uploaded
2026-03-12,Thu,T2R,long,4,25374.25,25352.5,25472.5,174.0,1035,25472.5,1045,target,786.0,781.04,uploaded
2026-03-17,Tue,T2X,short,2,25597.0,25642.0,25521.5,180.0,1145,25642.0,1405,stop,-180.0,-183.48,uploaded
2026-03-24,Tue,T2X,long,1,24831.5,24795.0,24959.25,73.0,1100,24959.25,1125,target,255.5,254.26,uploaded
2026-03-24,Tue,T2R,short,2,24959.25,24995.75,24868.0,146.0,1125,24868.0,1200,target,365.0,362.52,uploaded
2026-03-25,Wed,T2X,short,5,25014.75,25034.5,24866.5,197.5,1125,25034.5,1230,stop,-197.5,-206.2,uploaded
2026-03-26,Thu,T2R,long,5,24618.25,24600.75,24697.5,175.0,1215,24600.75,1225,stop,-175.0,-183.7,uploaded
2026-03-31,Tue,T2X,long,1,24107.0,24047.0,24229.25,120.0,1040,24047.0,1045,stop,-120.0,-121.74,uploaded
2026-03-31,Tue,T2R,short,2,24229.25,24269.75,24117.75,162.0,1235,24269.75,1240,stop,-162.0,-165.48,uploaded
2026-04-01,Wed,T2R,short,8,24831.25,24848.0,24756.0,268.0,1035,24756.0,1040,target,1204.0,1194.08,uploaded
2026-04-01,Wed,T2X,long,2,24764.25,24697.5,24848.0,267.0,1045,24848.0,1050,target,335.0,332.52,uploaded
2026-04-08,Wed,T2R,long,4,25588.0,25567.0,25682.5,168.0,1045,25567.0,1055,stop,-168.0,-174.96,uploaded
2026-04-08,Wed,T2X,short,4,25734.75,25755.75,25577.5,168.0,1250,25577.5,1455,target,1258.0,1253.04,uploaded
2026-04-10,Fri,T2X,long,9,25907.75,25897.5,25980.25,184.5,1040,25897.5,1040,stop,-184.5,-200.16,uploaded
2026-04-13,Mon,T2X,long,2,25897.75,25868.5,25955.25,117.0,1105,25955.25,1225,target,230.0,227.52,uploaded
2026-04-14,Tue,T2X,long,1,26363.75,26303.5,26439.25,120.5,1105,26439.25,1135,target,151.0,149.76,uploaded
2026-04-14,Tue,T2R,short,3,26439.25,26469.5,26363.75,181.5,1135,26442.5,1135,dead order exited,-19.5,-23.22,uploaded
2026-04-15,Wed,T2R,short,9,26753.0,26768.25,26692.0,274.5,1050,26768.25,1110,stop,-274.5,-290.16,uploaded
2026-04-15,Wed,T2X,long,2,26692.0,26631.0,26768.25,244.0,1255,26768.25,1305,target,305.0,302.52,uploaded
2026-04-16,Thu,T2R,short,2,27094.5,27130.0,26952.0,142.0,1135,27130.0,1200,stop,-142.0,-145.48,uploaded
2026-04-17,Fri,T2R,short,6,27392.5,27407.25,27326.5,177.0,1035,27407.25,1040,stop,-177.0,-187.44,uploaded
2026-04-21,Tue,T2X,short,2,27361.5,27409.0,27274.0,190.0,1115,27274.0,1240,target,350.0,347.52,uploaded
2026-04-22,Wed,T2X,long,2,27542.25,27468.75,27634.5,294.0,1050,27634.5,1320,target,369.0,366.52,uploaded
2026-04-23,Thu,T2R,short,3,27731.75,27759.25,27620.75,165.0,1120,27620.75,1300,target,666.0,662.28,uploaded
2026-04-24,Fri,T2R,short,7,27882.5,27896.25,27820.5,192.5,1055,27896.25,1110,stop,-192.5,-204.68,uploaded
2026-04-28,Tue,T2R,long,5,27620.25,27602.25,27702.25,180.0,1050,27602.25,1050,stop,-180.0,-188.7,uploaded
2026-04-29,Wed,T2R,short,9,27895.25,27910.5,27826.25,274.5,1035,27826.25,1110,target,1242.0,1230.84,uploaded
2026-04-29,Wed,T2X,long,2,27818.0,27772.75,27910.5,181.0,1115,27772.75,1230,stop,-181.0,-184.48,uploaded
2026-05-05,Tue,T2X,long,1,28675.0,28623.75,28772.0,102.5,1045,28772.0,1410,target,194.0,192.76,uploaded
2026-05-05,Tue,T2R,short,3,28772.0,28804.75,28689.5,196.5,1410,28768.5,1410,dead order exited,21.0,17.28,uploaded
2026-05-06,Wed,T2R,short,8,29127.5,29144.5,29051.0,272.0,1045,29144.5,1105,stop,-272.0,-285.92,uploaded
2026-05-13,Wed,T2R,short,7,29919.75,29941.0,29823.25,297.5,1100,29941.0,1140,stop,-297.5,-309.68,uploaded
2026-05-14,Thu,T2R,short,2,30341.5,30387.75,30156.75,185.0,1115,30274.0,1555,eod,270.0,267.52,uploaded
2026-05-20,Wed,T2X,long,1,29775.75,29685.5,29866.25,180.5,1040,29866.25,1055,target,181.0,179.76,uploaded
2026-05-20,Wed,T2R,short,6,29866.25,29888.75,29775.75,270.0,1055,29849.5,1055,dead order exited,201.0,193.56,uploaded
2026-05-26,Tue,T2X,long,1,30620.0,30517.0,30748.75,206.0,1105,30517.0,1150,stop,-206.0,-207.74,uploaded
2026-05-29,Fri,T2X,short,2,31009.5,31047.5,30886.0,152.0,1110,30886.0,1355,target,494.0,491.52,uploaded
2026-06-04,Thu,T2R,short,2,31015.75,31058.25,30845.75,170.0,1105,31058.25,1220,stop,-170.0,-173.48,uploaded
2026-06-18,Thu,T2R,short,2,31012.75,31062.75,30811.75,200.0,1305,31062.75,1545,stop,-200.0,-203.48,uploaded
2026-07-08,Wed,T2X,short,5,29594.75,29614.5,29446.5,197.5,1225,29614.5,1230,stop,-197.5,-206.2,uploaded
2026-07-10,Fri,T2X,short,2,30174.25,30194.0,30047.75,79.0,1040,30194.0,1040,stop,-79.0,-82.48,uploaded
2026-07-14,Tue,T2R,short,2,30183.75,30233.25,30047.25,198.0,1130,30047.25,1200,target,546.0,543.52,uploaded
2026-07-14,Tue,T2X,long,1,30030.0,29960.5,30208.5,139.0,1205,30080.25,1555,eod,100.5,99.26,uploaded
2026-07-21,Tue,T2X,long,1,29504.25,29430.75,29596.25,147.0,1100,29596.25,1120,target,184.0,182.76,uploaded
2026-07-21,Tue,T2R,short,2,29596.25,29633.0,29504.25,147.0,1120,29633.0,1250,stop,-147.0,-150.48,uploaded
2026-07-22,Wed,T2R,short,7,29617.5,29637.0,29529.75,273.0,1120,29529.75,1355,target,1228.5,1219.82,uploaded
2026-07-23,Thu,T2R,long,4,28904.5,28881.75,29007.25,182.0,1050,28881.75,1050,stop,-182.0,-188.96,uploaded
2026-08-07,Fri,T2X,long,3,29987.25,29961.5,30167.5,154.5,1225,30127.75,1555,eod,843.0,839.28,uploaded
2026-08-11,Tue,T2R,long,4,29888.75,29868.0,29982.0,166.0,1310,29868.0,1315,stop,-166.0,-172.96,uploaded
2026-08-12,Wed,T2X,short,6,30219.25,30234.5,30111.75,183.0,1040,30147.25,1555,eod,864.0,856.56,uploaded
2026-08-18,Tue,T2R,long,4,29822.0,29801.75,29913.0,162.0,1100,29913.0,1145,target,728.0,723.04,uploaded
2026-08-18,Tue,T2X,short,1,29923.25,29983.75,29812.0,121.0,1150,29880.5,1555,eod,85.5,84.26,uploaded
2026-08-20,Thu,T2R,long,6,29565.5,29549.0,29640.25,198.0,1145,29640.25,1200,target,897.0,889.56,uploaded
2026-08-25,Tue,T2X,short,1,29565.75,29627.75,29451.75,124.0,1125,29564.5,1555,eod,2.5,1.26,uploaded
2026-08-28,Fri,T2X,long,4,29900.75,29880.5,30042.25,162.0,1150,29880.5,1150,stop,-162.0,-168.96,uploaded
2026-09-01,Tue,T2X,long,1,29445.25,29389.75,29529.0,111.0,1230,29389.75,1415,stop,-111.0,-112.74,uploaded
2026-09-02,Wed,T2X,long,2,29452.75,29382.0,29523.75,283.0,1045,29484.25,1555,eod,126.0,123.52,uploaded
2026-09-09,Wed,T2R,long,5,29675.75,29658.0,29755.5,177.5,1120,29658.0,1120,stop,-177.5,-186.2,uploaded
2026-09-16,Wed,T2R,short,13,29504.75,29515.75,29455.25,286.0,1100,29515.75,1105,stop,-286.0,-308.62,uploaded
2026-09-18,Fri,T2R,long,6,29663.75,29648.5,29732.0,183.0,1225,29732.0,1255,target,819.0,811.56,uploaded
2026-09-22,Tue,T2X,long,1,30942.5,30852.75,31055.0,179.5,1040,31055.0,1550,target,225.0,223.76,uploaded
2026-09-22,Tue,T2R,short,2,31055.0,31099.75,30942.5,179.0,1550,31040.0,1550,dead order exited,60.0,57.52,uploaded
2026-09-24,Thu,T2R,short,3,30682.75,30712.25,30564.25,177.0,1215,30712.25,1215,stop,-177.0,-182.22,live TradingView
2026-09-29,Tue,T2R,long,5,30509.25,30491.25,30590.25,180.0,1245,30590.25,1405,target,810.0,803.8,live TradingView
2026-09-30,Wed,T2X,long,1,30850.75,30766.5,30935.25,168.5,1155,30766.5,1325,stop,-168.5,-170.24,live TradingView
2026-10-02,Fri,T2R,long,4,31010.5,30987.75,31112.75,182.0,1120,31112.75,1200,target,818.0,813.04,live TradingView
2026-10-05,Mon,T2X,long,2,31221.25,31186.75,31289.0,138.0,1110,31289.0,1340,target,271.0,268.52,live TradingView
2026-10-07,Wed,T2R,short,10,31314.5,31328.75,31250.5,285.0,1135,31328.75,1135,stop,-285.0,-302.4,live TradingView
