date,dow,side,lots,entry,stop,target,risk,fill_hm,exit,exit_hm,exit_why,pnl,net,data
2025-09-23,Tue,long,12,25960.25,25952.25,25996.75,192.0,1300,25952.25,1315,stop,-192.0,-212.88,uploaded
2025-09-24,Wed,long,8,25809.0,25797.5,25860.75,184.0,1140,25797.5,1145,stop,-184.0,-197.92,uploaded
2025-10-01,Wed,short,8,25973.5,25990.25,25898.25,268.0,1135,25990.25,1205,stop,-268.0,-281.92,uploaded
2025-10-03,Fri,long,8,26074.0,26062.0,26128.0,192.0,1305,26128.0,1310,target,864.0,854.08,uploaded
2025-10-15,Wed,long,4,25899.75,25877.75,25999.25,176.0,1300,25877.75,1305,stop,-176.0,-182.96,uploaded
2025-10-22,Wed,long,5,26128.75,26111.5,26206.75,172.5,1040,26111.5,1045,stop,-172.5,-181.2,uploaded
2025-10-28,Tue,long,15,27063.0,27056.5,27092.25,195.0,1040,27056.5,1045,stop,-195.0,-221.1,uploaded
2025-10-29,Wed,long,13,27286.75,27279.5,27319.5,188.5,1110,27319.5,1120,target,851.5,835.38,uploaded
2025-10-31,Fri,long,7,27076.25,27062.0,27140.25,199.5,1200,27062.0,1200,stop,-199.5,-211.68,uploaded
2025-11-04,Tue,long,4,26663.75,26640.75,26767.75,184.0,1325,26640.75,1435,stop,-184.0,-190.96,uploaded
2025-11-07,Fri,long,4,25882.75,25859.75,25986.25,184.0,1055,25859.75,1105,stop,-184.0,-190.96,uploaded
2025-11-26,Wed,short,10,26358.0,26372.75,26291.75,295.0,1115,26372.75,1120,stop,-295.0,-312.4,uploaded
2025-12-03,Wed,short,10,26650.25,26664.75,26585.0,290.0,1045,26585.0,1110,target,1305.0,1292.6,uploaded
2025-12-10,Wed,long,9,26592.75,26582.0,26640.5,193.5,1100,26582.0,1100,stop,-193.5,-209.16,uploaded
2025-12-18,Thu,short,2,26192.5,26228.0,26050.5,142.0,1035,26050.5,1210,target,568.0,565.52,uploaded
2025-12-31,Wed,long,8,26344.5,26332.25,26400.5,196.0,1055,26400.5,1155,target,896.0,886.08,uploaded
2026-01-07,Wed,short,13,26703.25,26714.25,26653.75,286.0,1035,26653.75,1040,target,1287.0,1270.88,uploaded
2026-01-15,Thu,long,8,26615.0,26603.25,26667.75,188.0,1050,26667.75,1055,target,844.0,834.08,uploaded
2026-01-16,Fri,long,4,26418.25,26395.25,26521.25,184.0,1040,26395.25,1040,stop,-184.0,-190.96,uploaded
2026-01-20,Tue,short,3,26211.25,26238.5,26136.0,163.5,1040,26136.0,1050,target,451.5,447.78,uploaded
2026-01-23,Fri,short,4,26606.5,26626.75,26515.25,162.0,1045,26626.75,1055,stop,-162.0,-168.96,uploaded
2026-01-30,Fri,long,6,26562.0,26547.0,26629.0,180.0,1120,26629.0,1130,target,804.0,796.56,uploaded
2026-03-06,Fri,short,4,25673.5,25695.25,25575.75,174.0,1035,25575.75,1050,target,782.0,777.04,uploaded
2026-03-12,Thu,long,4,25374.25,25352.5,25472.5,174.0,1035,25472.5,1045,target,786.0,781.04,uploaded
2026-03-24,Tue,short,2,24959.25,24995.75,24858.75,146.0,1125,24858.75,1205,target,402.0,399.52,uploaded
2026-03-26,Thu,long,5,24618.25,24600.75,24697.5,175.0,1215,24600.75,1225,stop,-175.0,-183.7,uploaded
2026-03-31,Tue,short,2,24229.25,24269.75,24117.75,162.0,1235,24269.75,1240,stop,-162.0,-165.48,uploaded
2026-04-01,Wed,short,8,24831.25,24848.0,24756.0,268.0,1035,24756.0,1040,target,1204.0,1194.08,uploaded
2026-04-08,Wed,long,4,25588.0,25567.0,25682.5,168.0,1045,25567.0,1055,stop,-168.0,-174.96,uploaded
2026-04-15,Wed,short,9,26753.0,26768.25,26684.25,274.5,1050,26768.25,1110,stop,-274.5,-290.16,uploaded
2026-04-16,Thu,short,2,27094.5,27130.0,26952.0,142.0,1135,27130.0,1200,stop,-142.0,-145.48,uploaded
2026-04-17,Fri,short,6,27392.5,27407.25,27326.5,177.0,1035,27407.25,1040,stop,-177.0,-187.44,uploaded
2026-04-23,Thu,short,3,27731.75,27759.25,27620.75,165.0,1120,27620.75,1300,target,666.0,662.28,uploaded
2026-04-24,Fri,short,7,27882.5,27896.25,27820.5,192.5,1055,27896.25,1110,stop,-192.5,-204.68,uploaded
2026-04-28,Tue,long,5,27620.25,27602.25,27702.25,180.0,1050,27602.25,1050,stop,-180.0,-188.7,uploaded
2026-04-29,Wed,short,9,27895.25,27910.5,27826.25,274.5,1035,27826.25,1110,target,1242.0,1230.84,uploaded
2026-05-06,Wed,short,8,29127.5,29144.5,29051.0,272.0,1045,29144.5,1105,stop,-272.0,-285.92,uploaded
2026-05-13,Wed,short,7,29919.75,29941.0,29823.25,297.5,1100,29941.0,1140,stop,-297.5,-309.68,uploaded
2026-05-14,Thu,short,2,30341.5,30387.75,30156.75,185.0,1115,30274.0,1555,eod,270.0,267.52,uploaded
2026-06-04,Thu,short,2,31015.75,31058.25,30845.75,170.0,1105,31058.25,1220,stop,-170.0,-173.48,uploaded
2026-06-18,Thu,short,2,31012.75,31062.75,30811.75,200.0,1305,31062.75,1545,stop,-200.0,-203.48,uploaded
2026-07-14,Tue,short,2,30183.75,30233.25,30047.25,198.0,1130,30047.25,1200,target,546.0,543.52,uploaded
2026-07-21,Tue,short,2,29596.25,29633.0,29495.0,147.0,1120,29633.0,1250,stop,-147.0,-150.48,uploaded
2026-07-22,Wed,short,7,29617.5,29637.0,29529.75,273.0,1120,29529.75,1355,target,1228.5,1219.82,uploaded
2026-07-23,Thu,long,4,28904.5,28881.75,29007.25,182.0,1050,28881.75,1050,stop,-182.0,-188.96,uploaded
2026-08-11,Tue,long,4,29888.75,29868.0,29982.0,166.0,1310,29868.0,1315,stop,-166.0,-172.96,uploaded
2026-08-18,Tue,long,4,29822.0,29801.75,29913.0,162.0,1100,29913.0,1145,target,728.0,723.04,uploaded
2026-08-20,Thu,long,6,29565.5,29549.0,29640.25,198.0,1145,29640.25,1200,target,897.0,889.56,uploaded
2026-09-09,Wed,long,5,29675.75,29658.0,29755.5,177.5,1120,29658.0,1120,stop,-177.5,-186.2,uploaded
2026-09-16,Wed,short,13,29504.75,29515.75,29455.25,286.0,1100,29515.75,1105,stop,-286.0,-308.62,uploaded
2026-09-18,Fri,long,6,29663.75,29648.5,29732.0,183.0,1225,29732.0,1255,target,819.0,811.56,uploaded
2026-09-24,Thu,short,3,30682.75,30712.25,30564.25,177.0,1215,30712.25,1215,stop,-177.0,-182.22,live TradingView
2026-09-29,Tue,long,5,30509.25,30491.25,30590.25,180.0,1245,30590.25,1405,target,810.0,803.8,live TradingView
2026-10-02,Fri,long,4,31010.5,30987.75,31112.75,182.0,1120,31112.75,1200,target,818.0,813.04,live TradingView
2026-10-07,Wed,short,10,31314.5,31328.75,31250.5,285.0,1135,31328.75,1135,stop,-285.0,-302.4,live TradingView
