date,dow,setup,side,lots,entry,stop,target,exit,pnl,net,exit_why,fill_hm,exit_hm
2025-09-23,1,T2R,1,18,25960.45,25952.425,25996.5625,25952.425,-288.9000000000524,-320.2200000000524,stop,1300,1315
2025-09-23,1,T2X,-1,6,26000.575,26024.65,25956.4375,25960.45,481.5,474.06,reversed,1220,1300
2025-09-24,2,T2R,1,13,25809.15,25797.725,25860.5625,25797.725,-297.05000000007567,-319.6700000000757,stop,1140,1145
2025-09-25,3,T1-Z1,1,2,25633.8125,25567.8875,25688.75,25688.75,219.75,217.27,target,1105,1110
2025-09-26,4,T1-Z1,-1,2,25616.0,25662.9625,25567.0,25662.9625,-187.85000000000582,-191.3300000000058,stop,1030,1040
2025-09-29,0,T1-Z1,1,3,25990.3125,25952.2875,26022.0,25952.2875,-228.15000000000873,-233.37000000000873,stop,1030,1110
2025-09-30,1,T1-Z3a,1,4,25830.5,25796.5625,25877.75,25877.75,378.0,371.04,target,1025,1045
2025-09-30,1,T2X,1,3,25856.1,25812.8,25921.05,25812.8,-259.79999999999563,-265.01999999999566,stop,1115,1125
2025-10-01,2,T2R,-1,8,25973.4,25990.1,25898.25,25990.1,-267.19999999995343,-281.11999999995345,stop,1135,1205
2025-10-03,4,T2R,1,12,26074.0,26062.0,26128.0,26128.0,1296.0,1281.12,target,1305,1310
2025-10-06,0,T1-Z1,-1,5,26190.25,26211.1375,26164.0,26164.0,262.5,256.3,target,1030,1040
2025-10-07,1,T1-Z1,-1,10,26266.1,26280.6,26254.5,26254.5,231.9999999999709,219.5999999999709,target,1030,1035
2025-10-08,2,T1-Z1,1,3,26238.5625,26191.2375,26278.0,26278.0,236.625,232.905,target,1045,1125
2025-10-09,3,T1-Z1,-1,6,26310.15,26332.525,26292.25,26292.25,214.80000000001746,207.36000000001746,target,1100,1105
2025-10-10,4,T1-Z3a,-1,5,26381.75,26411.4375,26340.75,26340.75,410.0,401.3,target,1025,1055
2025-10-15,2,T1-Z1,1,2,26109.5625,26043.3375,26164.75,26043.3375,-264.8999999999942,-268.3799999999942,stop,1110,1135
2025-10-15,2,T2R,1,6,25899.85,25877.775,25999.1875,25877.775,-264.8999999999651,-275.3399999999651,stop,1300,1305
2025-10-16,3,T1-Z3a,1,3,26128.5,26088.5,26172.5,26172.5,264.0,258.78,target,1025,1035
2025-10-17,4,T1-Z1,1,1,25935.625,25849.075,26007.75,25849.075,-173.09999999999854,-174.83999999999855,stop,1030,1040
2025-10-21,1,T1-Z1,-1,6,26271.7,26296.6375,26251.75,26296.6375,-299.25,-309.69,stop,1030,1035
2025-10-22,2,T1-Z1,-1,3,26198.1,26241.35,26163.5,26163.5,207.59999999999127,203.87999999999127,target,1055,1115
2025-10-22,2,T2R,1,8,26128.9,26111.6,26206.75,26111.6,-276.80000000004657,-290.7200000000466,stop,1040,1045
2025-10-23,3,T1-Z1,1,2,26181.5,26127.2,26226.75,26226.75,181.0,178.52,target,1030,1035
2025-10-28,1,T2R,1,23,27063.0,27056.5,27092.25,27056.5,-299.0,-339.02,stop,1040,1045
2025-10-28,1,T2X,-1,7,27095.5,27115.0,27059.75,27059.75,500.5,491.82,target,1100,1135
2025-10-29,2,T2R,1,20,27286.8,27279.575,27319.3125,27319.3125,1300.500000000029,1275.7000000000291,target,1110,1120
2025-10-30,3,T1-Z3a,-1,1,27067.25,27167.0,26988.5,26988.5,157.5,155.76,target,1025,1515
2025-10-31,4,T2R,1,10,27076.4,27062.225,27140.1875,27062.225,-283.5000000000582,-300.9000000000582,stop,1200,1200
2025-11-03,0,T1-Z1,-1,2,27127.35,27185.2875,27081.0,27185.2875,-231.75,-235.23,stop,1040,1215
2025-11-04,1,T2R,1,6,26663.85,26640.775,26767.6875,26640.775,-276.8999999999651,-287.3399999999651,stop,1325,1435
2025-11-04,1,T2X,-1,2,26779.225,26848.45,26652.3125,26663.85,461.5,459.02,reversed,1225,1325
2025-11-05,2,T1-Z1,1,2,26707.4375,26638.3625,26765.0,26765.0,230.25,227.77,target,1115,1125
2025-11-05,2,T2X,1,1,26718.95,26626.85,26834.075,26834.075,230.25,229.01,target,1110,1155
2025-11-07,4,T2R,1,6,25882.8,25859.825,25986.1875,25859.825,-275.69999999998254,-286.13999999998254,stop,1055,1105
2025-11-11,1,T1-Z1,-1,5,26602.6,26630.85,26580.0,26630.85,-282.5,-291.2,stop,1115,1120
2025-11-11,1,T2X,-1,4,26613.9,26647.8,26551.75,26551.75,497.20000000001164,492.24000000001166,target,1120,1130
2025-11-12,2,T1-Z1,-1,2,26660.5,26707.05,26608.5,26608.5,208.0,205.52,target,1030,1035
2025-11-19,2,T1-Z1,1,1,25931.1875,25806.6125,26035.0,25806.6125,-249.15000000000146,-250.89000000000146,stop,1045,1055
2025-11-21,4,T1-Z1,-1,2,25128.25,25196.0625,25074.0,25074.0,217.0,214.52,target,1030,1035
2025-11-25,1,T1-Z3a,1,1,25828.5,25719.0,25929.0,25929.0,201.0,199.26,target,1025,1120
2025-11-26,2,T2R,-1,10,26357.85,26372.525,26291.8125,26372.525,-293.5000000000582,-310.9000000000582,stop,1115,1120
2025-12-02,1,T2X,1,2,26664.65,26591.45,26774.45,26591.45,-292.8000000000029,-296.28000000000293,stop,1105,1110
2025-12-03,2,T2R,-1,10,26650.1,26664.525,26585.1875,26592.4,1153.9999999999418,1141.5999999999417,reversed,1045,1110
2025-12-03,2,T2X,1,2,26592.4,26534.7,26664.525,26664.525,288.5,286.02,target,1110,1135
2025-12-05,4,T1-Z1,1,2,26862.9375,26800.7625,26914.75,26800.7625,-248.6999999999971,-252.17999999999708,stop,1040,1055
2025-12-08,0,T1-Z1,-1,2,26747.25,26795.55,26703.75,26703.75,174.0,171.52,target,1030,1055
2025-12-09,1,T1-Z1,1,4,26689.5,26656.5,26717.0,26717.0,220.0,215.04,target,1030,1040
2025-12-10,2,T2R,1,14,26592.8,26582.2,26640.5,26582.2,-296.79999999995925,-321.15999999995927,stop,1100,1100
2025-12-10,2,T2X,-1,14,26672.0,26677.6,26587.5,26592.8,2217.6000000000204,2200.2400000000202,reversed,1050,1100
2025-12-12,4,T1-Z1,-1,1,26423.1,26499.475,26362.0,26362.0,122.19999999999709,120.9599999999971,target,1035,1055
2025-12-15,0,T1-Z1,-1,1,26156.6,26250.475,26081.5,26250.475,-187.75,-189.49,stop,1030,1115
2025-12-18,3,T2R,-1,4,26192.425,26227.875,26050.625,26050.625,1134.3999999999942,1129.4399999999941,target,1035,1210
2025-12-22,0,T1-Z1,-1,4,26497.05,26528.05,26472.25,26472.25,198.39999999999418,193.43999999999417,target,1030,1035
2025-12-29,0,T1-Z3a,1,3,26546.25,26502.0625,26620.0,26502.0625,-265.125,-271.845,stop,1025,1050
2025-12-30,1,T2X,1,3,26555.75,26515.25,26616.5,26515.25,-243.0,-248.22,stop,1135,1200
2025-12-31,2,T2R,1,12,26344.7,26332.3,26400.5,26400.5,1339.1999999999825,1324.3199999999824,target,1055,1155
2026-01-02,4,T1-Z1,-1,1,26327.75,26414.3125,26258.5,26258.5,138.5,137.26,target,1030,1050
2026-01-05,0,T1-Z1,1,3,26448.875,26405.225,26485.25,26485.25,218.25,214.53,target,1040,1105
2026-01-05,0,T2X,1,5,26456.25,26441.6,26514.35,26441.6,-146.50000000001455,-155.20000000001454,stop,1040,1040
2026-01-06,1,T1-Z1,1,2,26537.5,26486.5,26580.0,26486.5,-204.0,-207.48,stop,1035,1055
2026-01-07,2,T1-Z1,1,4,26653.9375,26621.1625,26681.25,26703.1,393.29999999998836,388.3399999999884,reversed,1035,1035
2026-01-07,2,T2R,-1,13,26703.1,26714.025,26653.9375,26652.5,1315.5999999999622,1299.4799999999623,reversed,1035,1040
2026-01-07,2,T2X,1,3,26652.5,26615.7,26714.025,26714.025,369.15000000000873,365.4300000000087,target,1040,1100
2026-01-08,3,T1-Z3a,1,2,26498.25,26429.0625,26604.0,26429.0625,-276.75,-281.23,stop,1025,1035
2026-01-09,4,T1-Z1,1,2,26600.75,26527.25,26662.0,26662.0,245.0,242.52,target,1040,1105
2026-01-12,0,T1-Z1,1,2,26687.125,26630.275,26734.5,26734.5,189.5,187.02,target,1030,1110
2026-01-13,1,T1-Z1,-1,2,26659.25,26717.0625,26613.0,26613.0,185.0,182.52,target,1030,1045
2026-01-13,1,T2X,-1,2,26688.25,26751.75,26555.1875,26751.75,-254.0,-257.48,stop,1055,1135
2026-01-15,3,T2R,1,12,26615.1,26603.4,26667.75,26667.75,1263.600000000035,1248.7200000000348,target,1050,1055
2026-01-16,4,T1-Z1,-1,2,26509.7,26566.825,26464.0,26464.0,182.8000000000029,180.32000000000292,target,1120,1255
2026-01-16,4,T2R,1,6,26418.3,26395.45,26521.125,26395.45,-274.19999999998254,-284.63999999998254,stop,1040,1040
2026-01-20,1,T2R,-1,5,26211.2,26238.5,26136.125,26142.95,682.5,676.3,reversed,1040,1050
2026-01-20,1,T2X,1,2,26142.95,26088.35,26224.85,26224.85,327.59999999999127,325.11999999999125,target,1050,1110
2026-01-23,4,T2R,-1,7,26606.45,26626.675,26515.4375,26626.675,-283.1499999999796,-295.32999999997963,stop,1045,1055
2026-01-26,0,T1-Z1,1,2,26642.375,26587.625,26688.0,26688.0,182.5,180.02,target,1030,1050
2026-01-26,0,T2X,1,4,26669.75,26633.25,26724.5,26724.5,438.0,433.04,target,1100,1130
2026-01-28,2,T1-Z1,-1,6,27028.1,27052.6,27008.5,27008.5,235.19999999998254,227.75999999998254,target,1030,1035
2026-01-30,4,T1-Z1,-1,4,26621.5,26658.6875,26591.75,26658.6875,-297.5,-304.46,stop,1035,1035
2026-01-30,4,T2R,1,10,26562.0,26547.125,26628.9375,26628.9375,1338.75,1326.35,target,1120,1130
2026-02-02,0,T1-Z1,1,1,26620.5,26508.9,26713.5,26713.5,186.0,184.76,target,1055,1200
2026-02-03,1,T1-Z1,-1,1,26367.95,26488.5125,26271.5,26271.5,192.90000000000146,191.66000000000145,target,1045,1150
2026-02-04,2,T1-Z3a,1,2,26049.5,25978.6875,26187.75,25978.6875,-283.25,-287.73,stop,1025,1030
2026-02-05,3,T1-Z1,-1,1,25434.1,25536.725,25352.0,25352.0,164.1999999999971,162.95999999999708,target,1035,1110
2026-02-10,1,T1-Z1,1,2,26199.3125,26140.5875,26248.25,26140.5875,-234.89999999999418,-238.37999999999417,stop,1030,1120
2026-02-11,2,T1-Z1,-1,1,25940.75,26042.625,25859.25,26042.625,-203.75,-205.49,stop,1035,1050
2026-02-13,4,T1-Z1,1,1,25599.0,25511.4,25672.0,25672.0,146.0,144.76,target,1040,1105
2026-02-17,1,T1-Z1,-1,1,25333.35,25421.9125,25262.5,25262.5,141.6999999999971,140.45999999999708,target,1030,1035
2026-02-23,0,T1-Z1,-1,2,25680.85,25730.975,25640.75,25640.75,160.39999999999418,157.9199999999942,target,1030,1035
2026-02-25,2,T1-Z1,1,2,26111.1875,26049.9125,26162.25,26162.25,204.25,201.77,target,1030,1400
2026-02-26,3,T1-Z1,-1,1,25777.65,25891.9,25686.25,25891.9,-228.5,-230.24,stop,1035,1445
2026-03-04,2,T1-Z1,1,1,25861.125,25762.575,25943.25,25943.25,164.25,163.01,target,1045,1100
2026-03-06,4,T2R,-1,6,25673.4,25695.1,25575.75,25575.75,1171.8000000000175,1164.3600000000174,target,1035,1050
2026-03-10,1,T1-Z3a,1,2,25804.75,25740.875,25882.25,25882.25,310.0,306.52,target,1025,1035
2026-03-11,2,T1-Z1,-1,2,25829.0,25870.5625,25780.0,25780.0,196.0,193.52,target,1030,1035
2026-03-11,2,T2X,-1,7,25880.625,25900.75,25729.6875,25729.6875,2113.125,2104.445,target,1055,1130
2026-03-12,3,T1-Z1,-1,2,25461.6,25516.1,25418.0,25516.1,-218.0,-221.48,stop,1045,1045
2026-03-12,3,T2R,1,6,25374.4,25352.6,25472.5,25461.6,1046.399999999965,1038.959999999965,reversed,1035,1045
2026-03-13,4,T1-Z3a,-1,1,25475.5,25557.75,25412.25,25412.25,126.5,124.76,target,1025,1040
2026-03-17,1,T2X,-1,3,25596.825,25641.9,25514.1875,25641.9,-270.45000000000437,-275.6700000000044,stop,1145,1405
2026-03-18,2,T1-Z1,-1,3,25436.3,25483.2375,25398.75,25483.2375,-281.625,-286.845,stop,1030,1100
2026-03-19,3,T1-Z3a,-1,2,25015.0,25078.0625,24911.75,25078.0625,-252.25,-256.73,stop,1025,1030
2026-03-20,4,T1-Z1,-1,2,24878.3,24940.8625,24828.25,24828.25,200.1999999999971,197.7199999999971,target,1030,1050
2026-03-24,1,T2R,-1,4,24959.175,24995.625,24858.9375,24858.9375,801.8999999999942,796.9399999999941,target,1125,1205
2026-03-24,1,T2X,1,2,24831.5,24795.15,24977.4,24959.175,510.6999999999971,508.21999999999707,reversed,1100,1125
2026-03-25,2,T2X,-1,7,25014.75,25034.5,24866.625,25034.5,-276.5,-288.68,stop,1125,1230
2026-03-26,3,T2R,1,8,24618.45,24600.925,24697.3125,24600.925,-280.4000000000233,-294.3200000000233,stop,1215,1225
2026-03-27,4,T1-Z1,-1,2,24075.55,24130.6125,24031.5,24031.5,176.1999999999971,173.7199999999971,target,1030,1045
2026-03-30,0,T1-Z1,-1,2,23929.5,23990.75,23880.5,23880.5,196.0,193.52,target,1030,1035
2026-03-31,1,T2R,-1,3,24229.175,24269.625,24117.9375,24269.625,-242.70000000000437,-247.92000000000436,stop,1235,1240
2026-03-31,1,T2X,1,1,24107.0,24047.15,24249.4,24047.15,-119.69999999999709,-121.43999999999708,stop,1040,1045
2026-04-01,2,T1-Z1,1,2,24756.0625,24706.0375,24797.75,24831.1,300.1499999999942,297.66999999999416,reversed,1030,1035
2026-04-01,2,T2R,-1,8,24831.1,24847.775,24756.0625,24756.0625,1200.5999999999767,1190.6799999999766,target,1035,1040
2026-04-01,2,T2X,1,2,24764.4,24697.7,24847.775,24847.775,333.5,331.02,target,1045,1050
2026-04-08,2,T2R,1,7,25588.15,25567.225,25682.3125,25567.225,-292.95000000004075,-305.13000000004075,stop,1045,1055
2026-04-08,2,T2X,-1,7,25734.625,25755.55,25577.6875,25577.6875,2197.125,2188.445,target,1250,1455
2026-04-09,3,T1-Z1,-1,4,25581.05,25618.3,25551.25,25618.3,-298.0,-304.96,stop,1040,1050
2026-04-10,4,T1-Z3a,1,3,25928.75,25882.0625,25959.5,25959.5,184.5,179.28,target,1025,1030
2026-04-10,4,T2X,1,14,25907.875,25897.55,25980.15,25897.55,-289.1000000000204,-313.4600000000204,stop,1040,1040
2026-04-13,0,T1-Z1,1,2,25877.25,25825.35,25920.5,25920.5,173.0,170.52,target,1030,1050
2026-04-13,0,T2X,1,4,25897.75,25868.6,25955.1,25955.1,458.79999999998836,453.8399999999884,target,1105,1225
2026-04-14,1,T1-Z1,1,3,26356.3125,26311.0875,26394.0,26394.0,226.125,222.405,target,1105,1115
2026-04-14,1,T2X,1,2,26363.85,26303.55,26454.3,26454.3,361.8000000000029,359.3200000000029,target,1105,1140
2026-04-15,2,T2R,-1,9,26752.95,26768.175,26684.4375,26768.175,-274.0499999999738,-289.70999999997383,stop,1050,1110
2026-04-15,2,T2X,1,2,26692.05,26631.15,26768.175,26768.175,304.5,302.02,target,1255,1305
2026-04-16,3,T2R,-1,4,27094.325,27129.875,26952.125,27129.875,-284.3999999999942,-291.35999999999416,stop,1135,1200
2026-04-17,4,T2R,-1,10,27392.5,27407.125,27326.6875,27407.125,-292.5,-309.9,stop,1035,1040
2026-04-20,0,T1-Z1,-1,5,27325.5,27353.0,27303.5,27303.5,220.0,213.8,target,1030,1035
2026-04-21,1,T2X,-1,3,27361.375,27409.0,27274.0625,27274.0625,523.875,520.155,target,1115,1240
2026-04-22,2,T1-Z1,1,2,27533.25,27478.05,27579.25,27579.25,184.0,181.52,target,1035,1040
2026-04-22,2,T2X,1,2,27542.45,27468.85,27634.45,27634.45,368.0,365.52,target,1050,1320
2026-04-23,3,T1-Z3a,-1,2,27603.5,27655.375,27551.5,27655.375,-207.5,-211.98,stop,1025,1050
2026-04-23,3,T2R,-1,5,27731.55,27759.25,27620.75,27620.75,1107.9999999999927,1101.7999999999927,target,1120,1300
2026-04-24,4,T2R,-1,10,27882.5,27896.25,27820.625,27896.25,-275.0,-292.4,stop,1055,1110
2026-04-28,1,T2R,1,8,27620.45,27602.3,27702.125,27602.3,-290.4000000000233,-304.3200000000233,stop,1050,1050
2026-04-29,2,T1-Z1,1,3,27826.3125,27780.4875,27864.5,27864.5,229.125,225.405,target,1110,1125
2026-04-29,2,T2R,-1,9,27895.05,27910.325,27826.3125,27826.3125,1237.274999999987,1226.1149999999868,reversed,1035,1110
2026-04-29,2,T2X,1,2,27833.95,27772.85,27910.325,27772.85,-244.40000000000873,-247.88000000000872,stop,1110,1230
2026-04-30,3,T1-Z1,-1,1,27816.05,27897.9875,27750.5,27897.9875,-163.875,-165.615,stop,1030,1050
2026-05-01,4,T1-Z1,1,1,28422.4375,28334.4625,28495.75,28495.75,146.625,145.385,target,1030,1145
2026-05-05,1,T1-Z1,1,3,28681.375,28632.025,28722.5,28722.5,246.75,243.03,target,1035,1115
2026-05-05,1,T2X,1,2,28675.0,28623.8,28788.3,28722.5,190.0,187.52,eod,1045,1555
2026-05-06,2,T1-Z3a,-1,3,29005.5,29051.125,28924.0,29051.125,-273.75,-280.47,stop,1025,1030
2026-05-06,2,T2R,-1,8,29127.4,29144.35,29051.125,29144.35,-271.19999999995343,-285.11999999995345,stop,1045,1105
2026-05-07,3,T1-Z1,1,2,29437.625,29380.775,29485.0,29380.775,-227.39999999999418,-230.87999999999417,stop,1105,1155
2026-05-08,4,T1-Z1,1,1,29678.0625,29587.2375,29753.75,29753.75,151.375,150.135,target,1030,1055
2026-05-11,0,T1-Z1,-1,3,29898.35,29937.85,29866.75,29937.85,-237.0,-242.22,stop,1030,1035
2026-05-12,1,T1-Z1,-1,2,29711.45,29765.1375,29668.5,29668.5,171.8000000000029,169.32000000000292,target,1040,1045
2026-05-13,2,T2R,-1,7,29919.55,29940.95,29823.25,29940.95,-299.6000000000204,-311.7800000000204,stop,1100,1140
2026-05-14,3,T2R,-1,3,30341.475,30387.625,30156.875,30274.0,404.84999999999127,401.12999999999124,eod,1115,1555
2026-05-18,0,T1-Z1,-1,2,29753.5,29813.1875,29705.75,29705.75,191.0,188.52,target,1030,1035
2026-05-19,1,T1-Z1,-1,1,29331.5,29432.75,29250.5,29432.75,-202.5,-204.24,stop,1030,1115
2026-05-20,2,T1-Z1,1,2,29764.625,29696.975,29821.0,29821.0,225.5,223.02,target,1035,1045
2026-05-20,2,T2X,1,1,29775.9,29685.7,29888.65,29888.65,225.5,224.26,target,1040,1115
2026-05-26,1,T2X,1,1,30620.0,30517.0,30774.5,30517.0,-206.0,-207.74,stop,1105,1150
2026-05-27,2,T1-Z1,-1,1,30536.75,30612.6875,30476.0,30476.0,121.5,120.26,target,1035,1120
2026-05-28,3,T1-Z1,1,1,30706.5,30627.0,30772.75,30772.75,132.5,131.26,target,1030,1055
2026-05-29,4,T2X,-1,3,31009.4,31047.35,30886.0625,30886.0625,740.0250000000087,736.3050000000087,target,1110,1355
2026-06-01,0,T1-Z3a,1,3,30969.0,30925.5625,31054.75,31054.75,514.5,509.28,target,1025,1115
2026-06-03,2,T1-Z3a,1,1,31310.25,31161.0625,31395.25,31161.0625,-298.375,-300.615,stop,1025,1145
2026-06-04,3,T2R,-1,3,31015.675,31058.125,30845.875,31058.125,-254.70000000000437,-259.9200000000044,stop,1105,1220
2026-06-09,1,T1-Z1,-1,1,30045.1,30166.7875,29947.75,29947.75,194.6999999999971,193.45999999999708,target,1030,1040
2026-06-10,2,T1-Z1,1,1,29704.25,29566.25,29819.25,29819.25,230.0,228.76,target,1030,1035
2026-06-17,2,T1-Z1,1,2,30782.75,30715.25,30839.0,30715.25,-270.0,-273.48,stop,1030,1035
2026-06-18,3,T2R,-1,2,31012.55,31062.75,30811.75,31062.75,-200.8000000000029,-204.2800000000029,stop,1305,1545
2026-06-24,2,T1-Z3a,1,1,30000.25,29899.0625,30137.75,30137.75,275.0,273.26,target,1025,1045
2026-06-30,1,T1-Z1,1,1,30623.4375,30505.4625,30721.75,30721.75,196.625,195.385,target,1050,1130
2026-07-01,2,T1-Z1,1,2,30561.5,30489.5,30621.5,30489.5,-288.0,-291.48,stop,1030,1045
2026-07-02,3,T1-Z1,-1,1,30281.05,30376.7375,30204.5,30204.5,153.09999999999854,151.85999999999854,target,1030,1035
2026-07-06,0,T1-Z1,1,1,30269.9375,30190.0625,30336.5,30336.5,133.125,131.885,target,1110,1125
2026-07-08,2,T1-Z3a,-1,2,29586.5,29643.9375,29496.0,29496.0,362.0,358.52,target,1025,1045
2026-07-08,2,T2X,-1,7,29594.625,29614.35,29446.6875,29614.35,-276.1499999999796,-288.32999999997963,stop,1225,1230
2026-07-10,4,T2X,-1,4,30174.25,30193.95,30047.75,30193.95,-157.60000000000582,-164.56000000000583,stop,1040,1040
2026-07-14,1,T2R,-1,3,30183.575,30233.125,30047.3125,30059.7,743.25,739.53,reversed,1130,1155
2026-07-14,1,T2X,1,1,30059.7,29960.6,30208.35,30080.25,41.099999999998545,39.85999999999854,eod,1155,1555
2026-07-21,1,T2R,-1,4,29596.125,29632.875,29495.0625,29632.875,-294.0,-300.96,stop,1120,1250
2026-07-21,1,T2X,1,2,29504.25,29430.75,29614.5,29596.125,367.5,365.02,reversed,1100,1120
2026-07-22,2,T2R,-1,7,29617.4,29636.85,29529.875,29529.875,1225.3500000000204,1216.6700000000203,target,1120,1355
2026-07-23,3,T2R,1,6,28904.7,28881.925,29007.1875,28881.925,-273.30000000001746,-283.74000000001746,stop,1050,1050
2026-07-29,2,T1-Z1,-1,1,27924.45,28039.075,27832.75,27832.75,183.40000000000146,182.16000000000145,target,1030,1040
2026-08-06,3,T1-Z1,1,1,29854.375,29726.725,29960.75,29960.75,212.75,211.51,target,1035,1100
2026-08-07,4,T2X,1,5,29987.25,29961.5,30167.5,30127.75,1405.0,1398.8,eod,1225,1555
2026-08-10,0,T1-Z1,1,2,30149.0,30094.7,30194.25,30094.7,-217.1999999999971,-220.67999999999708,stop,1030,1050
2026-08-11,1,T1-Z3a,1,1,30072.0,29981.9375,30137.0,29981.9375,-180.125,-182.365,stop,1025,1130
2026-08-11,1,T2R,1,7,29888.9,29868.225,29981.9375,29868.225,-289.45000000004075,-301.63000000004075,stop,1310,1315
2026-08-12,2,T2X,-1,9,30219.125,30234.45,30104.1875,30147.25,1293.75,1282.59,eod,1040,1555
2026-08-13,3,T1-Z1,1,1,30438.25,30325.75,30532.0,30532.0,187.5,186.26,target,1130,1315
2026-08-14,4,T1-Z1,-1,4,30457.8,30494.425,30428.5,30428.5,234.39999999999418,229.43999999999417,target,1030,1055
2026-08-18,1,T2R,1,7,29822.15,29801.975,29912.9375,29923.025,1412.25,1403.57,reversed,1100,1145
2026-08-18,1,T2X,-1,2,29923.025,29983.55,29812.0625,29880.5,170.10000000000582,167.62000000000583,eod,1145,1555
2026-08-20,3,T2R,1,9,29565.6,29549.025,29640.1875,29640.1875,1342.5750000000262,1331.415000000026,target,1145,1200
2026-08-21,4,T1-Z1,-1,2,29573.75,29628.0125,29514.5,29628.0125,-217.0500000000029,-220.5300000000029,stop,1030,1100
2026-08-24,0,T1-Z1,-1,2,29306.5,29375.2,29242.0,29375.2,-274.8000000000029,-278.28000000000293,stop,1030,1030
2026-08-25,1,T1-Z1,-1,2,29544.85,29596.5375,29503.5,29503.5,165.39999999999418,162.9199999999942,target,1035,1040
2026-08-25,1,T2X,-1,2,29565.525,29627.55,29451.8125,29564.5,4.100000000005821,1.6200000000058208,eod,1125,1555
2026-08-26,2,T1-Z1,-1,3,29485.9,29530.15,29450.5,29530.15,-265.5,-270.72,stop,1030,1035
2026-08-27,3,T1-Z1,1,2,29866.9375,29807.4625,29916.5,29916.5,198.25,195.77,target,1030,1105
2026-08-28,4,T1-Z3a,1,1,29948.0,29850.25,30001.75,30001.75,107.5,105.76,target,1025,1035
2026-08-28,4,T2X,1,7,29900.75,29880.55,30042.15,29880.55,-282.8000000000102,-294.9800000000102,stop,1150,1150
2026-08-31,0,T1-Z1,-1,3,29680.85,29721.6,29648.25,29721.6,-244.5,-249.72,stop,1030,1035
2026-09-01,1,T2X,1,2,29445.45,29389.85,29528.85,29389.85,-222.40000000000873,-225.88000000000872,stop,1230,1415
2026-09-02,2,T1-Z1,1,2,29444.0625,29391.0375,29488.25,29488.25,176.75,174.27,target,1045,1125
2026-09-02,2,T2X,1,2,29452.9,29382.2,29541.275,29484.25,125.39999999999418,122.91999999999418,eod,1045,1555
2026-09-03,3,T1-Z1,1,2,29625.5,29572.7,29669.5,29572.7,-211.1999999999971,-214.67999999999708,stop,1030,1040
2026-09-04,4,T1-Z3a,-1,2,29890.0,29951.6875,29848.0,29848.0,168.0,164.52,target,1025,1040
2026-09-09,2,T2R,1,8,29675.85,29658.15,29755.5,29658.15,-283.19999999995343,-297.11999999995345,stop,1120,1120
2026-09-11,4,T1-Z1,1,3,29737.3125,29698.9875,29769.25,29698.9875,-229.95000000000437,-235.17000000000436,stop,1030,1035
2026-09-15,1,T1-Z1,-1,3,29332.35,29369.975,29302.25,29302.25,180.59999999999127,176.87999999999127,target,1030,1035
2026-09-16,2,T2R,-1,13,29504.7,29515.675,29455.3125,29515.675,-285.34999999996217,-307.96999999996217,stop,1100,1105
2026-09-18,4,T1-Z1,-1,3,29728.5,29762.0625,29694.0,29762.0625,-201.375,-206.595,stop,1030,1050
2026-09-18,4,T2R,1,9,29663.75,29648.625,29731.8125,29731.8125,1225.125,1213.965,target,1225,1255
2026-09-22,1,T1-Z1,1,2,30931.4375,30864.1625,30987.5,30987.5,224.25,221.77,target,1040,1350
2026-09-22,1,T2X,1,1,30942.65,30852.95,31077.2,31029.75,174.1999999999971,172.95999999999708,eod,1040,1555
